target,iteration,particle_id,hidden_units,alpha,learning_rate_init,fitness
Initial Setting Time (IST),0,0,20,0.0020731719263694525,0.019404250827669656,24.0001048315567
Initial Setting Time (IST),0,1,19,0.00019166024706981723,0.029069229955640496,28.638632438949482
Initial Setting Time (IST),0,2,20,0.02281355236625612,0.0015565764265126965,30.679411066053923
Initial Setting Time (IST),0,3,14,0.0012953707094821836,0.024555426586822138,25.09011627188599
Initial Setting Time (IST),0,4,18,0.029395769940595316,0.004625101822337392,22.06731505777953
Initial Setting Time (IST),0,5,10,0.0046105672499844215,0.0012465964452993302,40.1778173664468
Initial Setting Time (IST),0,6,21,0.007852233350555963,0.013712972659534289,25.185547247307216
Initial Setting Time (IST),0,7,12,0.08167592716599771,0.02186158682129273,25.841475728549636
Initial Setting Time (IST),0,8,20,0.00038363314625091896,0.005012813020453317,21.625187011489512
Initial Setting Time (IST),0,9,7,0.00029031433196504195,0.010582138220869822,22.62332890685986
Initial Setting Time (IST),0,10,19,0.0798967653877021,0.0030813287578910797,23.1404100395582
Initial Setting Time (IST),0,11,13,0.00256252100402382,0.0019240087315583302,29.78074564596441
Initial Setting Time (IST),0,12,8,0.002673712944665897,0.0021895961641175458,36.36736934174399
Initial Setting Time (IST),0,13,18,0.002048593340612813,0.01774260132484893,23.62006556777296
Initial Setting Time (IST),0,14,19,0.0008651669568208021,0.01771698029282248,23.679675696173963
Initial Setting Time (IST),1,0,20,0.00035589702812140954,0.007843512674985275,21.84129791185092
Initial Setting Time (IST),1,1,19,0.00026232426156461717,0.005517499338303355,21.7938792609601
Initial Setting Time (IST),1,2,20,0.013332760852098068,0.0019145874272624866,26.76329829292532
Initial Setting Time (IST),1,3,23,0.00024668729487458074,0.004633203248772085,22.770232469908404
Initial Setting Time (IST),1,4,19,0.0001,0.005081117498141074,21.72913032489206
Initial Setting Time (IST),1,5,21,0.0008627754171110746,0.002200502982804535,22.930744649685618
Initial Setting Time (IST),1,6,21,0.00013180176742160125,0.0068918528710659515,22.8142889936969
Initial Setting Time (IST),1,7,15,0.006976086778786731,0.006081045798995526,22.258642352050785
Initial Setting Time (IST),1,8,20,0.00038363314625091896,0.005012813020453317,21.625187011489512
Initial Setting Time (IST),1,9,21,0.0003477957294634034,0.005238879998233845,22.292763781132372
Initial Setting Time (IST),1,10,20,0.00043894990347552036,0.003277239425177424,21.623558720762272
Initial Setting Time (IST),1,11,17,0.002276068965699502,0.0039116887550844645,22.50243588509591
Initial Setting Time (IST),1,12,14,0.0017551768258859113,0.002489761840142363,23.10357480122399
Initial Setting Time (IST),1,13,20,0.001334400014518311,0.003070930456506937,21.709279029723312
Initial Setting Time (IST),1,14,20,0.0005666784930559146,0.00578607409701067,21.60752213668812
Initial Setting Time (IST),2,0,20,0.00023060498700918847,0.00359456499505188,21.671675036810072
Initial Setting Time (IST),2,1,20,0.0007726406335854692,0.002134097555164025,25.069353022568478
Initial Setting Time (IST),2,2,20,0.006174517538259873,0.00748259905675926,21.8852037865534
Initial Setting Time (IST),2,3,24,0.0002934604964185557,0.0018458785285566486,24.276169695234945
Initial Setting Time (IST),2,4,19,0.0001,0.0055390533255590835,21.795903193910444
Initial Setting Time (IST),2,5,24,0.00021629570297187882,0.011000000324478204,22.379052152770043
Initial Setting Time (IST),2,6,20,0.0001,0.003719550366459472,21.6686913149686
Initial Setting Time (IST),2,7,24,0.0002418822789142438,0.0027918699516252853,21.742847017029753
Initial Setting Time (IST),2,8,20,0.0004388123273278945,0.005157043364145943,21.739936102184217
Initial Setting Time (IST),2,9,24,0.00042378221297385165,0.003705154146911642,21.21685731566377
Initial Setting Time (IST),2,10,20,0.0001,0.004032272906319365,21.65115612589389
Initial Setting Time (IST),2,11,23,0.0004767599038667486,0.009241051714709419,23.23319631728547
Initial Setting Time (IST),2,12,19,0.0011053575990949906,0.008693218930973901,22.29636367382867
Initial Setting Time (IST),2,13,21,0.0007009349584265167,0.0017054777880559197,26.549529439677425
Initial Setting Time (IST),2,14,21,0.0004396213889498165,0.002956518250879657,21.813137864341993
Initial Setting Time (IST),3,0,20,0.00020846113738184563,0.0022562204852482034,23.59950538683327
Initial Setting Time (IST),3,1,23,0.0006739210197741489,0.002041759335004414,24.205896210447083
Initial Setting Time (IST),3,2,22,0.0005122929961309342,0.006739085177418328,21.705449866914943
Initial Setting Time (IST),3,3,24,0.000270534196167584,0.002448964820585829,22.084461189110808
Initial Setting Time (IST),3,4,21,0.0001,0.004075256535586805,22.063276308572306
Initial Setting Time (IST),3,5,24,0.0001,0.01569884455206954,24.73630558051649
Initial Setting Time (IST),3,6,23,0.0001,0.002556687166994123,23.68273659171164
Initial Setting Time (IST),3,7,24,0.0001,0.0018252337388834315,24.411390296601056
Initial Setting Time (IST),3,8,24,0.00039785955555412373,0.003110073237600224,21.403458883123548
Initial Setting Time (IST),3,9,24,0.0004771268008889327,0.0030098647372605656,21.486111870326294
Initial Setting Time (IST),3,10,24,0.00014381714039402127,0.004128670257076437,21.185578249802465
Initial Setting Time (IST),3,11,24,0.0006463843702891207,0.006797282780110759,22.358722384407606
Initial Setting Time (IST),3,12,24,0.0003338712608910402,0.013090539394381382,23.553350126736525
Initial Setting Time (IST),3,13,21,0.0003896632401670188,0.0025025968391780254,22.505622779039957
Initial Setting Time (IST),3,14,22,0.00038658015268678073,0.0022852966497667955,22.679240478987428
Initial Setting Time (IST),4,0,24,0.00019441079338156894,0.003063178238637406,21.42941954916424
Initial Setting Time (IST),4,1,24,0.0001,0.012131958824846207,22.839234674053852
Initial Setting Time (IST),4,2,24,0.0001,0.004952648272385527,21.551380530392063
Initial Setting Time (IST),4,3,24,0.00012507032358570065,0.0035867194822152633,21.2482343833556
Initial Setting Time (IST),4,4,22,0.0001,0.003740532300825275,21.585801618233017
Initial Setting Time (IST),4,5,24,0.00013181395937417333,0.005578854132332061,21.767487023195518
Initial Setting Time (IST),4,6,22,0.0001,0.004292171728730726,21.62919656303897
Initial Setting Time (IST),4,7,24,0.00019028277662610788,0.0026845067116752636,21.698062910499026
Initial Setting Time (IST),4,8,24,0.0001,0.0031150275750313383,21.393652872582205
Initial Setting Time (IST),4,9,24,0.00037249022947609596,0.00507540312431601,21.59223834367082
Initial Setting Time (IST),4,10,24,0.0001788533333476827,0.004187611339840091,21.261635628359656
Initial Setting Time (IST),4,11,24,0.0007546766990793724,0.004024823223265127,21.253764359290525
Initial Setting Time (IST),4,12,24,0.00030915207054961865,0.005324466055593831,21.705025990913626
Initial Setting Time (IST),4,13,22,0.00045787325695212296,0.007937678601789155,21.574171729294772
Initial Setting Time (IST),4,14,23,0.00040282748627925885,0.010935783418966503,22.26831818620185
Initial Setting Time (IST),5,0,24,0.0001250036310919771,0.005056256493924613,21.606319204781126
Initial Setting Time (IST),5,1,23,0.0001,0.011959927893290773,22.419176606794622
Initial Setting Time (IST),5,2,24,0.0001,0.003323791131694093,21.310761642096896
Initial Setting Time (IST),5,3,24,0.0001,0.004649757487156102,21.43694233552447
Initial Setting Time (IST),5,4,24,0.00011175789846266169,0.003870577493620496,21.22503460966721
Initial Setting Time (IST),5,5,24,0.00016935488354689375,0.001961095543217942,23.58747616017455
Initial Setting Time (IST),5,6,22,0.00012360653506655528,0.005720771249824209,21.71078515280659
Initial Setting Time (IST),5,7,24,0.0002662538452862466,0.0036897310823991083,21.17542026960718
Initial Setting Time (IST),5,8,24,0.0001,0.0037359969349933697,21.240818449116023
Initial Setting Time (IST),5,9,24,0.0001526112348755644,0.005998037122936501,21.989611547761104
Initial Setting Time (IST),5,10,24,0.00018224529496927187,0.004126373473705684,21.185017374282506
Initial Setting Time (IST),5,11,24,0.0007571484988701739,0.0029863250480670275,21.516530975674975
Initial Setting Time (IST),5,12,24,0.00022785599170203804,0.002494661270967515,21.980852821798713
Initial Setting Time (IST),5,13,24,0.00014900024170211044,0.00840547846938446,23.22962163675591
Initial Setting Time (IST),5,14,22,0.00026049284075208826,0.004915175423253051,21.667075108727865
Initial Setting Time (IST),6,0,24,0.0002397782451242923,0.002869584216057635,21.647771869817102
Initial Setting Time (IST),6,1,22,0.00021929316783471188,0.002287290550852538,22.67456815857451
Initial Setting Time (IST),6,2,24,0.0001,0.0029451353223203607,21.54751506276166
Initial Setting Time (IST),6,3,24,0.0002121262821410207,0.004562440782291684,21.378670422162127
Initial Setting Time (IST),6,4,24,0.0003892568759746464,0.003938124111361904,21.233738871760817
Initial Setting Time (IST),6,5,24,0.00017487351381048372,0.0018186640258258382,24.459159092923226
Initial Setting Time (IST),6,6,24,0.00022270101918574675,0.005969135880148742,21.985378447215037
Initial Setting Time (IST),6,7,24,0.00032571198088228724,0.004465528311510431,21.34549181433723
Initial Setting Time (IST),6,8,24,0.00016834195773253983,0.004107525486869614,21.27979890751461
Initial Setting Time (IST),6,9,24,0.0003046128758674725,0.004103991336794284,21.217332339196513
Initial Setting Time (IST),6,10,24,0.0002979228724492787,0.0037719788460060344,21.227176153176735
Initial Setting Time (IST),6,11,24,0.000199202559257792,0.003986729706077387,21.274512014205076
Initial Setting Time (IST),6,12,24,0.0002599018385414689,0.005404855910972419,21.72395710513932
Initial Setting Time (IST),6,13,24,0.0001667930652918653,0.004313929724614698,21.220453834578695
Initial Setting Time (IST),6,14,21,0.00024653681448265385,0.002515652469079271,22.359205415044666
Initial Setting Time (IST),7,0,24,0.00038142817701293383,0.0021413066772503118,22.790657052780073
Initial Setting Time (IST),7,1,22,0.000358668558045849,0.0031213322849159017,21.697156968649075
Initial Setting Time (IST),7,2,24,0.00018392591910770085,0.003965997713047433,21.250823161378793
Initial Setting Time (IST),7,3,24,0.0003438281139789118,0.00271202390176309,21.65800855549167
Initial Setting Time (IST),7,4,24,0.000114614131975145,0.0036847774869367533,21.166747671173333
Initial Setting Time (IST),7,5,24,0.00012944909561604385,0.013704980037738578,24.04796708337348
Initial Setting Time (IST),7,6,23,0.0001005034320129555,0.0031131189358935534,22.47080866606687
Initial Setting Time (IST),7,7,24,0.0002898588047452561,0.0037931770103408558,21.224013361904507
Initial Setting Time (IST),7,8,24,0.0001897524641840304,0.003453475999310422,21.2086776026827
Initial Setting Time (IST),7,9,24,0.000666594086842346,0.002935038576331087,21.55180094512675
Initial Setting Time (IST),7,10,24,0.00019821776369111172,0.0037217307885294435,21.179940190292548
Initial Setting Time (IST),7,11,24,0.00011259459734917586,0.004410902971471797,21.24851386842964
Initial Setting Time (IST),7,12,24,0.0003768932341684782,0.0071780750828784705,22.613405712775386
Initial Setting Time (IST),7,13,24,0.0001964530954184808,0.002526547127099674,21.9394743064839
Initial Setting Time (IST),7,14,24,0.0005173970181167213,0.006454022332982739,22.155617623579335
Initial Setting Time (IST),8,0,24,0.0001,0.002415291927127707,22.152534711322723
Initial Setting Time (IST),8,1,24,0.0004039656303382307,0.0038000747431116634,21.220571285580515
Initial Setting Time (IST),8,2,24,0.0002530686223200852,0.0045091561262431195,21.36181038285039
Initial Setting Time (IST),8,3,24,0.00016305829572982216,0.002423711216856954,22.140294861253825
Initial Setting Time (IST),8,4,24,0.0001,0.0035406613329989497,21.193390322360028
Initial Setting Time (IST),8,5,24,0.00010663208201670745,0.018493611249163867,26.01466351491155
Initial Setting Time (IST),8,6,23,0.0001,0.002719822289082522,22.52131232186246
Initial Setting Time (IST),8,7,24,0.0001,0.0033472476344784097,21.307009442796748
Initial Setting Time (IST),8,8,24,0.00014080572261481367,0.003214618642897441,21.320564770700052
Initial Setting Time (IST),8,9,24,0.0001,0.0035311413355576787,21.198347271340314
Initial Setting Time (IST),8,10,24,0.00011909210287104968,0.0036785283862865166,21.174185847518864
Initial Setting Time (IST),8,11,24,0.0001,0.004406852840760455,21.30769729900992
Initial Setting Time (IST),8,12,24,0.0001,0.005410145600399754,21.722358666643455
Initial Setting Time (IST),8,13,24,0.00011651567795110387,0.0031335193465914036,21.37698882926168
Initial Setting Time (IST),8,14,24,0.0006456341390210011,0.004485982850927204,21.410065748857516
Initial Setting Time (IST),9,0,24,0.0001,0.004925456514925957,21.535579454569323
Initial Setting Time (IST),9,1,24,0.00034133845774511883,0.004102545356036202,21.21483648980222
Initial Setting Time (IST),9,2,24,0.0001221851662709454,0.00342558118253357,21.228937334435727
Initial Setting Time (IST),9,3,24,0.0001,0.004737231739186131,21.464657312903043
Initial Setting Time (IST),9,4,24,0.0001,0.003825225453739248,21.231846557131348
Initial Setting Time (IST),9,5,24,0.00013560314078879404,0.0055879125360782655,21.782143319491475
Initial Setting Time (IST),9,6,23,0.0001,0.004242401363964837,22.666335360553067
Initial Setting Time (IST),9,7,24,0.0001,0.003847919754771032,21.190599116622103
Initial Setting Time (IST),9,8,24,0.00010887238674302179,0.003760324344659846,21.22833452954635
Initial Setting Time (IST),9,9,24,0.0001,0.004077299309424823,21.209745249064145
Initial Setting Time (IST),9,10,24,0.0001,0.0036576895479568552,21.239327874185737
Initial Setting Time (IST),9,11,24,0.0001,0.0034723112640724675,21.19788875327902
Initial Setting Time (IST),9,12,24,0.00018931083362886276,0.004130296110539039,21.187053807436826
Initial Setting Time (IST),9,13,24,0.0001,0.005218497118306925,21.651465612298793
Initial Setting Time (IST),9,14,24,0.0001,0.003387529346743845,21.293057325494033
Initial Setting Time (IST),10,0,24,0.00014700333614003485,0.003961103476234144,21.2639620905676
Initial Setting Time (IST),10,1,24,0.0001,0.003866854405860409,21.225777709599484
Initial Setting Time (IST),10,2,24,0.0001,0.002986154658579633,21.51713054285984
Initial Setting Time (IST),10,3,24,0.0001,0.0035463574363745884,21.196923896725576
Initial Setting Time (IST),10,4,24,0.00011435447313958735,0.003748700835205777,21.228166280452324
Initial Setting Time (IST),10,5,24,0.00015367517401029858,0.0024944445957635836,21.995680477638412
Initial Setting Time (IST),10,6,23,0.0001,0.005511827489776382,22.81123808138913
Initial Setting Time (IST),10,7,24,0.00015521973513216267,0.003886825394005458,21.241395205229015
Initial Setting Time (IST),10,8,24,0.00013379656670438052,0.0038070880932624855,21.225058045627677
Initial Setting Time (IST),10,9,24,0.0001,0.003810124414673754,21.22758360170776
Initial Setting Time (IST),10,10,24,0.0001,0.00366570651621702,21.17477542671325
Initial Setting Time (IST),10,11,24,0.00011371151647796681,0.0030655902292631033,21.420253612324885
Initial Setting Time (IST),10,12,24,0.0002535349299201116,0.0030130995319082045,21.487434359348885
Initial Setting Time (IST),10,13,24,0.0001796616693622057,0.004207916253751212,21.273005752968462
Initial Setting Time (IST),10,14,24,0.0001,0.0030293340539752755,21.479229064722468
Initial Setting Time (IST),11,0,24,0.00013995466975760037,0.0031889809329224573,21.337262264803748
Initial Setting Time (IST),11,1,24,0.0001,0.003790004057920866,21.22088453901081
Initial Setting Time (IST),11,2,24,0.0001,0.00388866762793981,21.188942732860973
Initial Setting Time (IST),11,3,24,0.0001,0.0030603262422029412,21.44976111491041
Initial Setting Time (IST),11,4,24,0.00012420955318445518,0.003594142942980528,21.180111580245956
Initial Setting Time (IST),11,5,24,0.0001,0.002172753827065704,22.706950908656477
Initial Setting Time (IST),11,6,24,0.000109860352406084,0.0036128255937387605,21.170136664769903
Initial Setting Time (IST),11,7,24,0.0001860422199739318,0.003470423481527337,21.20447079498475
Initial Setting Time (IST),11,8,24,0.00016592905470162218,0.0036938575406555946,21.175092063772823
Initial Setting Time (IST),11,9,24,0.0001,0.0034478891002836824,21.212030430698043
Initial Setting Time (IST),11,10,24,0.0001292113301259669,0.0037067368097370465,21.225797852516205
Initial Setting Time (IST),11,11,24,0.00011940247564259102,0.0037199259791287974,21.236427910872088
Initial Setting Time (IST),11,12,24,0.00014111144687240027,0.0038900616902004105,21.167403865039038
Initial Setting Time (IST),11,13,24,0.0001577750962327708,0.0032453693064736513,21.298632478693932
Initial Setting Time (IST),11,14,24,0.0001,0.003660718625693982,21.177690687648045
Initial Setting Time (IST),12,0,24,0.00010601860181466094,0.003906399536356715,21.25633009765517
Initial Setting Time (IST),12,1,24,0.00013749688758308757,0.003668415556301253,21.176377739219852
Initial Setting Time (IST),12,2,24,0.0001040141388593127,0.004382804931851746,21.315690530003906
Initial Setting Time (IST),12,3,24,0.00010476112524122083,0.0035023032233122376,21.21450633926582
Initial Setting Time (IST),12,4,24,0.00011405585862898876,0.00361520363496437,21.189663565328505
Initial Setting Time (IST),12,5,24,0.0001,0.005634624468186277,21.80930544261856
Initial Setting Time (IST),12,6,24,0.00011748255374732593,0.002804621528997951,21.561758782474495
Initial Setting Time (IST),12,7,24,0.00012955139346544308,0.003675004465312446,21.164682637568458
Initial Setting Time (IST),12,8,24,0.0001228495367160747,0.003625993004147317,21.235403144261962
Initial Setting Time (IST),12,9,24,0.0001,0.0033484185863674647,21.307727373207552
Initial Setting Time (IST),12,10,24,0.00013299323917650014,0.0036819901044005767,21.16990654624017
Initial Setting Time (IST),12,11,24,0.00010408117358380972,0.003812822616378594,21.23097459355829
Initial Setting Time (IST),12,12,24,0.0001,0.004435720307202622,21.243445128462067
Initial Setting Time (IST),12,13,24,0.00010907474897199761,0.003579322296240295,21.245676183583406
Initial Setting Time (IST),12,14,24,0.0001,0.0041181776073411875,21.19348058747057
Initial Setting Time (IST),13,0,24,0.0001120386534074866,0.004309337720861111,21.221673132909302
Initial Setting Time (IST),13,1,24,0.00015911769304294043,0.0036046152109326657,21.186090037744098
Initial Setting Time (IST),13,2,24,0.00011954361784310352,0.0038999067798234305,21.234086442149664
Initial Setting Time (IST),13,3,24,0.00013386077426542342,0.0038635774253054167,21.180846141529592
Initial Setting Time (IST),13,4,24,0.00011212141226376229,0.0037143025315345725,21.231671049618623
Initial Setting Time (IST),13,5,24,0.00014697421374685986,0.005224573517988324,21.646327094932058
Initial Setting Time (IST),13,6,24,0.0001290855376905372,0.0032654477753051286,21.288834292081553
Initial Setting Time (IST),13,7,24,0.00010426545288427302,0.003803497278634246,21.22629385203546
Initial Setting Time (IST),13,8,24,0.00011114220561457135,0.003691009659235215,21.175079625361164
Initial Setting Time (IST),13,9,24,0.00011104970293822666,0.0038039409012471637,21.2247037664102
Initial Setting Time (IST),13,10,24,0.00013241486859727762,0.003658576375587079,21.177132601653135
Initial Setting Time (IST),13,11,24,0.0001,0.0038402958540834603,21.19117198137522
Initial Setting Time (IST),13,12,24,0.00012905481836408432,0.004314342979505863,21.221370632279005
Initial Setting Time (IST),13,13,24,0.00018392756479707872,0.004938868763636273,21.546758378090395
Initial Setting Time (IST),13,14,24,0.0001,0.004151407541379233,21.18262201267695
Initial Setting Time (IST),14,0,24,0.00012639315945814684,0.004230475947458787,21.276013332695786
Initial Setting Time (IST),14,1,24,0.0001432969922340243,0.00365137208388013,21.228075215465022
Initial Setting Time (IST),14,2,24,0.00011508506373349941,0.003468372706678513,21.1969903893884
Initial Setting Time (IST),14,3,24,0.0001478526183265892,0.003982540265505732,21.255056377513906
Initial Setting Time (IST),14,4,24,0.00012991974850468669,0.0037646743757349674,21.178420141260315
Initial Setting Time (IST),14,5,24,0.0001785271952750588,0.004728146022238266,21.46431172628576
Initial Setting Time (IST),14,6,24,0.00013011030149518365,0.003870097975611099,21.222170960592024
Initial Setting Time (IST),14,7,24,0.00012089146865366483,0.003724088900455352,21.175530453579096
Initial Setting Time (IST),14,8,24,0.00012969263893228535,0.0037210697707676186,21.232230238356262
Initial Setting Time (IST),14,9,24,0.00013011681163215512,0.0038316658588399026,21.18815682469678
Initial Setting Time (IST),14,10,24,0.00012976345538897742,0.0036654006962165155,21.176454475809976
Initial Setting Time (IST),14,11,24,0.00010641530211784985,0.0037617071349009047,21.179254582149838
Initial Setting Time (IST),14,12,24,0.0001528847402500586,0.0032385322861650865,21.299327102098054
Initial Setting Time (IST),14,13,24,0.00019839014243361148,0.004005929067812753,21.265887555119697
Initial Setting Time (IST),14,14,24,0.00010834385075656997,0.0029714334990251193,21.521284648317035
Initial Setting Time (IST),15,0,24,0.00012580274155723367,0.004013717668376096,21.267069138615607
Initial Setting Time (IST),15,1,24,0.00011118882560659236,0.0036906749823896767,21.176021616258254
Initial Setting Time (IST),15,2,24,0.00010811527897779259,0.0034350206562807875,21.219708245019596
Initial Setting Time (IST),15,3,24,0.00012420467207523834,0.003777662941307186,21.22959123037156
Initial Setting Time (IST),15,4,24,0.00012339153899449887,0.003631435381979195,21.184100075208217
Initial Setting Time (IST),15,5,24,0.00018097181599980366,0.004224309668179293,21.26816113146695
Initial Setting Time (IST),15,6,24,0.00011993891747868668,0.003884613514033228,21.24180726522395
Initial Setting Time (IST),15,7,24,0.00014610651845509045,0.003599096044828488,21.180644998896557
Initial Setting Time (IST),15,8,24,0.00011889383878029156,0.003671716939103933,21.18334533451312
Initial Setting Time (IST),15,9,24,0.00014250290096692577,0.003746387886399486,21.223583870606383
Initial Setting Time (IST),15,10,24,0.0001290768158186788,0.0036920412377764496,21.17456216362612
Initial Setting Time (IST),15,11,24,0.00014657895502156359,0.0037100816554276926,21.171328020285866
Initial Setting Time (IST),15,12,24,0.000148188103601541,0.003779010164647975,21.2220233210325
Initial Setting Time (IST),15,13,24,0.0001,0.0033236598817989373,21.31043019502006
Initial Setting Time (IST),15,14,24,0.0001098629798075476,0.0032921072581629076,21.264126584208142
Final Setting Time (FST),0,0,20,0.0020731719263694525,0.019404250827669656,49.42927635414835
Final Setting Time (FST),0,1,19,0.00019166024706981723,0.029069229955640496,49.757651643504936
Final Setting Time (FST),0,2,20,0.02281355236625612,0.0015565764265126965,90.67458413364356
Final Setting Time (FST),0,3,14,0.0012953707094821836,0.024555426586822138,50.63569069046379
Final Setting Time (FST),0,4,18,0.029395769940595316,0.004625101822337392,44.429511539437364
Final Setting Time (FST),0,5,10,0.0046105672499844215,0.0012465964452993302,104.21868822418139
Final Setting Time (FST),0,6,21,0.007852233350555963,0.013712972659534289,49.21932555115149
Final Setting Time (FST),0,7,12,0.08167592716599771,0.02186158682129273,49.47358858003502
Final Setting Time (FST),0,8,20,0.00038363314625091896,0.005012813020453317,43.11198604424558
Final Setting Time (FST),0,9,7,0.00029031433196504195,0.010582138220869822,44.67158663869775
Final Setting Time (FST),0,10,19,0.0798967653877021,0.0030813287578910797,66.15190737779396
Final Setting Time (FST),0,11,13,0.00256252100402382,0.0019240087315583302,90.73290390100858
Final Setting Time (FST),0,12,8,0.002673712944665897,0.0021895961641175458,97.36842430743683
Final Setting Time (FST),0,13,18,0.002048593340612813,0.01774260132484893,48.86759199025161
Final Setting Time (FST),0,14,19,0.0008651669568208021,0.01771698029282248,46.48630545387305
Final Setting Time (FST),1,0,20,0.00035589702812140954,0.007843512674985275,43.95082101450972
Final Setting Time (FST),1,1,19,0.00026232426156461717,0.005517499338303355,40.9507539798371
Final Setting Time (FST),1,2,20,0.013332760852098068,0.0019145874272624866,81.99895614034084
Final Setting Time (FST),1,3,23,0.00024668729487458074,0.004633203248772085,45.05558971492018
Final Setting Time (FST),1,4,19,0.0001,0.005081117498141074,41.68922756148644
Final Setting Time (FST),1,5,21,0.0008627754171110746,0.002200502982804535,67.93561864321434
Final Setting Time (FST),1,6,21,0.00013180176742160125,0.0068918528710659515,44.35594175742877
Final Setting Time (FST),1,7,15,0.006976086778786731,0.006081045798995526,43.902170169278094
Final Setting Time (FST),1,8,20,0.00038363314625091896,0.005012813020453317,43.11198604424558
Final Setting Time (FST),1,9,21,0.0003477957294634034,0.005238879998233845,43.72159633529784
Final Setting Time (FST),1,10,20,0.00043894990347552036,0.003277239425177424,52.9710865475182
Final Setting Time (FST),1,11,17,0.002276068965699502,0.0039116887550844645,49.840658136249665
Final Setting Time (FST),1,12,14,0.0017551768258859113,0.002489761840142363,73.00223612811493
Final Setting Time (FST),1,13,20,0.001334400014518311,0.003070930456506937,56.16607846303568
Final Setting Time (FST),1,14,20,0.0005666784930559146,0.00578607409701067,43.14697472308318
Final Setting Time (FST),2,0,19,0.0001,0.0034640261498339424,62.49344135801555
Final Setting Time (FST),2,1,20,0.00031668121915921446,0.0020357645484300993,79.09207525938679
Final Setting Time (FST),2,2,20,0.0055361088786186514,0.007094633460243125,43.708413475110035
Final Setting Time (FST),2,3,24,0.0001,0.0018144376715055381,72.53298251335954
Final Setting Time (FST),2,4,19,0.0001,0.005478850783791176,40.963168533261076
Final Setting Time (FST),2,5,24,0.00010822039884773176,0.010335084349489,45.61074449278874
Final Setting Time (FST),2,6,20,0.0001,0.003519005991573127,49.72784219371317
Final Setting Time (FST),2,7,23,0.00013563084264749586,0.0027633745315457504,56.49352296731987
Final Setting Time (FST),2,8,20,0.0003365499279631015,0.0051088038800465975,42.792936282416065
Final Setting Time (FST),2,9,24,0.0003681404859249982,0.0035737898747823377,45.758739656782325
Final Setting Time (FST),2,10,20,0.0001,0.0039752491532126285,44.33047676466589
Final Setting Time (FST),2,11,23,0.00020861524935771,0.008766789324924156,45.05477996738177
Final Setting Time (FST),2,12,19,0.0009580973769815721,0.008136936251201436,43.79174500723602
Final Setting Time (FST),2,13,20,0.0005095877633985094,0.005174510623708845,42.87298151430142
Final Setting Time (FST),2,14,20,0.00014574622766202198,0.0028967529515212284,59.33919680360538
Final Setting Time (FST),3,0,20,0.0001,0.004349059215987027,43.16850412279689
Final Setting Time (FST),3,1,19,0.0002839189567038369,0.00248739100646088,80.11668630211767
Final Setting Time (FST),3,2,19,0.00032501928255567717,0.011192656835013411,45.617343872405705
Final Setting Time (FST),3,3,18,0.00018351452220437836,0.0027001523130386327,61.852882871358894
Final Setting Time (FST),3,4,20,0.0001,0.0057669132262676785,43.13834498413711
Final Setting Time (FST),3,5,24,0.0001,0.01839222547719627,49.842586614922354
Final Setting Time (FST),3,6,20,0.0001,0.009895101846390258,45.139746300415105
Final Setting Time (FST),3,7,20,0.0003647969661705307,0.002970442864333144,55.28003792386344
Final Setting Time (FST),3,8,19,0.00022203118244511615,0.005785917526709855,40.82844005691622
Final Setting Time (FST),3,9,21,0.0002509395633778375,0.004945411594191238,43.856782580933775
Final Setting Time (FST),3,10,19,0.0001,0.00580984377232276,40.92220363367666
Final Setting Time (FST),3,11,23,0.0001,0.010316303310588786,45.61676253687431
Final Setting Time (FST),3,12,22,0.00019229283761289673,0.014177732941425786,46.70397464808313
Final Setting Time (FST),3,13,20,0.00017769000880954154,0.007366459475158042,43.78011555118741
Final Setting Time (FST),3,14,20,0.00011288167336712541,0.002785809348207179,61.54663980587843
Final Setting Time (FST),4,0,19,0.0001,0.005241565596549583,41.26264194310511
Final Setting Time (FST),4,1,19,0.00018640987596341507,0.014247758827193513,46.973390346232726
Final Setting Time (FST),4,2,19,0.000163293169324438,0.007333259800893553,43.41847398770528
Final Setting Time (FST),4,3,21,0.00043881115777491894,0.008958319979508444,46.281703902890634
Final Setting Time (FST),4,4,19,0.0001,0.005821228987427651,40.8567399036418
Final Setting Time (FST),4,5,23,0.00015463995623216746,0.006668520682338466,44.35897274642478
Final Setting Time (FST),4,6,20,0.00014904958673198383,0.008447834924128811,44.18940214886613
Final Setting Time (FST),4,7,16,0.00917374513160457,0.005486419345972652,44.18136142891857
Final Setting Time (FST),4,8,19,0.00017299464255184308,0.006234534658245923,42.50256529514686
Final Setting Time (FST),4,9,17,0.0002609107862444458,0.007856122307705937,44.46999534633815
Final Setting Time (FST),4,10,19,0.0001,0.007268806151819125,43.374567618769944
Final Setting Time (FST),4,11,19,0.0001,0.0065985857591157,42.74231978183721
Final Setting Time (FST),4,12,20,0.00030492820562245373,0.0066299658852924485,43.46633280194104
Final Setting Time (FST),4,13,20,0.00023858712909645383,0.004355393801160971,43.163424891743276
Final Setting Time (FST),4,14,19,0.0003565014496555958,0.015667167539547732,45.72888021125982
Final Setting Time (FST),5,0,19,0.00025475023845148803,0.006512890039964366,42.67567050929919
Final Setting Time (FST),5,1,19,0.00024753541079622024,0.012285853671419345,46.08379488202091
Final Setting Time (FST),5,2,19,0.00013347285374956306,0.004305893664964093,47.43239703456488
Final Setting Time (FST),5,3,21,0.00033500384802345534,0.014520069630946186,49.77509293286945
Final Setting Time (FST),5,4,19,0.00011715949479578526,0.0058232626084205276,40.85816585391818
Final Setting Time (FST),5,5,19,0.00028569260448685124,0.0029694424877512956,70.78310422274872
Final Setting Time (FST),5,6,21,0.0002566316502298915,0.006108321434523799,44.06888830261596
Final Setting Time (FST),5,7,16,0.023030349417492012,0.008084425525323137,44.125702541657745
Final Setting Time (FST),5,8,19,0.00023625109505272948,0.005700137251125279,40.38735304814119
Final Setting Time (FST),5,9,21,0.00032873488168268586,0.008378352380151693,45.594346782710595
Final Setting Time (FST),5,10,19,0.0001,0.005738037149971252,40.79564603278151
Final Setting Time (FST),5,11,16,0.0001,0.004647125203164785,44.94600794106428
Final Setting Time (FST),5,12,18,0.0003611717611362425,0.0037382820326284463,47.10436615958055
Final Setting Time (FST),5,13,19,0.0005922375837310898,0.0053952396807638026,43.32691101455117
Final Setting Time (FST),5,14,19,0.0005897059167436319,0.0054212411413596335,41.00070609212165
Final Setting Time (FST),6,0,19,0.00022891340092780712,0.005116127042195227,41.57556912093441
Final Setting Time (FST),6,1,20,0.00030382041318005603,0.0027692633461111945,61.893013772686714
Final Setting Time (FST),6,2,19,0.00016734641642749873,0.006427353865922425,41.92394200472911
Final Setting Time (FST),6,3,21,0.00015433942241194638,0.009163107355219519,46.440913859787436
Final Setting Time (FST),6,4,19,0.00029751982907914436,0.005815799727246846,40.95796133073749
Final Setting Time (FST),6,5,17,0.0001749877343668049,0.0031578521347113853,63.93672697065306
Final Setting Time (FST),6,6,20,0.0003344315888074085,0.004984687729117163,43.0973660754219
Final Setting Time (FST),6,7,16,0.0001,0.0072576685069771826,43.719575679243036
Final Setting Time (FST),6,8,20,0.0002848252820227511,0.00540174495067331,43.085958270323395
Final Setting Time (FST),6,9,23,0.0003313007933902255,0.005860714591338776,44.31046014289208
Final Setting Time (FST),6,10,19,0.00024036580814563042,0.004955188960384509,42.134990962462965
Final Setting Time (FST),6,11,21,0.0002513364939863891,0.006310303005354231,44.05594707705298
Final Setting Time (FST),6,12,20,0.00024929233909591495,0.00787513764011415,43.95713659346713
Final Setting Time (FST),6,13,19,0.0004901195496633383,0.00620215683331639,41.438262730084475
Final Setting Time (FST),6,14,20,0.0004616209959206004,0.0030728556146851394,56.134570661886166
Final Setting Time (FST),7,0,19,0.0001790385210992467,0.004508085945378211,45.25269733441838
Final Setting Time (FST),7,1,20,0.00033546714034537355,0.0033267869439137492,52.28938941798104
Final Setting Time (FST),7,2,19,0.00027718776265784126,0.007110380747605724,43.30333458962329
Final Setting Time (FST),7,3,19,0.00018903758833969302,0.0019147481176629603,89.79830910268973
Final Setting Time (FST),7,4,20,0.0001,0.005708396074556711,43.11041998607652
Final Setting Time (FST),7,5,24,0.00011345809654119001,0.014233181688818751,48.01209753650925
Final Setting Time (FST),7,6,19,0.00038601345371712034,0.004783375242143566,43.056560785699965
Final Setting Time (FST),7,7,21,0.0001,0.006241459411464381,44.02351690441172
Final Setting Time (FST),7,8,19,0.00024747807439004716,0.005906421900460295,40.94269210227309
Final Setting Time (FST),7,9,20,0.00026508271073616787,0.004431815286006035,43.08983494371893
Final Setting Time (FST),7,10,19,0.00014823531366132573,0.005094047218927813,41.61199057563317
Final Setting Time (FST),7,11,23,0.0003999794089208015,0.007158952326783424,44.428425406747785
Final Setting Time (FST),7,12,20,0.0002480177385366269,0.0094596501088864,44.92591915995291
Final Setting Time (FST),7,13,19,0.000376653390738268,0.006269774953405016,42.51985207882049
Final Setting Time (FST),7,14,19,0.0002416817256007982,0.007513111230030539,43.53149855056614
Final Setting Time (FST),8,0,19,0.0001,0.004734779194115301,43.44578584969299
Final Setting Time (FST),8,1,19,0.00029471523144039156,0.004039876613036043,51.36376885810369
Final Setting Time (FST),8,2,19,0.00036445047643851423,0.00606520382590588,41.1846237863412
Final Setting Time (FST),8,3,22,0.0002718406090305652,0.0014202449668496806,89.03109345450322
Final Setting Time (FST),8,4,19,0.0001,0.005734508484128142,40.79385311706152
Final Setting Time (FST),8,5,23,0.00016664748452417612,0.017760663045109273,47.26840268987224
Final Setting Time (FST),8,6,18,0.00030954934598171783,0.00466855032489751,44.63988879928539
Final Setting Time (FST),8,7,18,0.0001,0.006608727586394736,44.16991632446428
Final Setting Time (FST),8,8,19,0.00021617568037336066,0.006017500707842899,40.91324203705486
Final Setting Time (FST),8,9,17,0.00020263959424072332,0.005148494659273318,44.53273612989476
Final Setting Time (FST),8,10,19,0.0001,0.006205953314295113,41.443540497823854
Final Setting Time (FST),8,11,19,0.00011446295811571446,0.0063245431925227115,42.545889805548434
Final Setting Time (FST),8,12,19,0.0002973826808599692,0.006289782717263331,42.52480849383828
Final Setting Time (FST),8,13,19,0.00021032122905854128,0.006120272280021497,42.383916735235
Final Setting Time (FST),8,14,19,0.00039082067761889643,0.0055004568380112,40.95819116782898
Final Setting Time (FST),9,0,19,0.0001,0.006459501246840624,42.604121539068906
Final Setting Time (FST),9,1,19,0.00023460522055389072,0.008077643094648208,43.77405208991441
Final Setting Time (FST),9,2,19,0.00030306500791803964,0.00520321264624138,41.3212508481699
Final Setting Time (FST),9,3,22,0.00029537874384669025,0.01229304579774154,46.23445966495315
Final Setting Time (FST),9,4,19,0.00021113964594494876,0.005707033844561659,40.38981871724145
Final Setting Time (FST),9,5,23,0.0002586188658760953,0.0070131467503390665,44.38792081636535
Final Setting Time (FST),9,6,20,0.00033896437229343515,0.005597664489793432,43.12536731428639
Final Setting Time (FST),9,7,15,0.00010729650930331573,0.006584094592864398,44.02510987523661
Final Setting Time (FST),9,8,19,0.0002212497625792573,0.005532075832277981,40.8818482157432
Final Setting Time (FST),9,9,20,0.00019602630515690986,0.006052668436743663,43.25365314747243
Final Setting Time (FST),9,10,19,0.0002028400225573412,0.006411976361920568,42.58239725949578
Final Setting Time (FST),9,11,16,0.0001,0.005110850818654959,44.17443292986241
Final Setting Time (FST),9,12,19,0.0002619918226578448,0.004816297364620226,42.853451641224886
Final Setting Time (FST),9,13,19,0.000183556496583235,0.005987402140272257,41.084699084647134
Final Setting Time (FST),9,14,19,0.0002618043236310747,0.004613964773153054,44.399250435112975
Final Setting Time (FST),10,0,19,0.00010738801479740824,0.005860121078473676,40.89372238728004
Final Setting Time (FST),10,1,19,0.0002253624375545856,0.0056946873440168015,40.38027631097473
Final Setting Time (FST),10,2,19,0.00032328906341828136,0.00560068579817106,40.86242611023747
Final Setting Time (FST),10,3,22,0.0001882144586794635,0.004601357781630411,42.78624126147459
Final Setting Time (FST),10,4,19,0.00039029056511140413,0.005680481951875748,40.36609204437836
Final Setting Time (FST),10,5,18,0.00032748582718351155,0.003573009416927734,47.8669402218646
Final Setting Time (FST),10,6,20,0.00030527365963758533,0.0050763654460763055,43.14181751056524
Final Setting Time (FST),10,7,19,0.00022460571852936923,0.006385748715941827,42.58122617599498
Final Setting Time (FST),10,8,19,0.0002394621517290316,0.005442880352095978,40.98682658987627
Final Setting Time (FST),10,9,20,0.00027966784197737236,0.005694044227391464,43.17138608587133
Final Setting Time (FST),10,10,19,0.00022220067176188988,0.005956361423281877,41.0036058832802
Final Setting Time (FST),10,11,19,0.00021078266795965462,0.005185545772900624,41.36040293992546
Final Setting Time (FST),10,12,20,0.00024960268919380416,0.005354486391166353,42.887023867059945
Final Setting Time (FST),10,13,19,0.00018697937745512042,0.005551452247350294,40.87446385155872
Final Setting Time (FST),10,14,19,0.00021596928912654616,0.005495359872151321,40.96054444909896
Final Setting Time (FST),11,0,19,0.00047942483327450847,0.00532640950590471,41.102771957435806
Final Setting Time (FST),11,1,20,0.0004708692879233801,0.004609654635389939,43.00820619935007
Final Setting Time (FST),11,2,19,0.0003362849410046856,0.005978301815357417,41.028685163857865
Final Setting Time (FST),11,3,20,0.00015371051328016126,0.0029492922383851567,55.67487484210111
Final Setting Time (FST),11,4,19,0.0005642596706722006,0.0056646101486101,40.34367705223681
Final Setting Time (FST),11,5,20,0.0002948874849055381,0.003367115783565757,51.75929941086058
Final Setting Time (FST),11,6,19,0.00047509304427119576,0.005125697693078317,41.5197626703185
Final Setting Time (FST),11,7,22,0.0005177271484777369,0.005306506030627377,43.438470082347024
Final Setting Time (FST),11,8,19,0.00028446166573101655,0.005641204511878982,40.75421579244791
Final Setting Time (FST),11,9,19,0.0003280868832588907,0.004856390824422722,42.82043278308629
Final Setting Time (FST),11,10,19,0.00025335018253904503,0.005192688067226441,41.34712899277394
Final Setting Time (FST),11,11,20,0.0006067527332594239,0.005451780317513849,43.10298255081663
Final Setting Time (FST),11,12,19,0.0003766378959731608,0.0068220659880454,42.93686693330727
Final Setting Time (FST),11,13,19,0.0003515113132298068,0.005438524928298436,40.98820017331684
Final Setting Time (FST),11,14,19,0.0005837338396096276,0.006238484038925735,42.502656065793246
Final Setting Time (FST),12,0,19,0.0006819707155360843,0.005807541156826612,40.92121536324611
Final Setting Time (FST),12,1,19,0.0008314185537152776,0.005263019624641781,41.194625188538886
Final Setting Time (FST),12,2,19,0.0005987699327895114,0.005604384407800753,40.86172197419777
Final Setting Time (FST),12,3,18,0.00024017299873504245,0.004845023567522053,44.134121042535774
Final Setting Time (FST),12,4,19,0.0007039366645454425,0.005655108361301343,40.75777475088782
Final Setting Time (FST),12,5,24,0.0003023120525974607,0.0081435496119297,44.193722422250666
Final Setting Time (FST),12,6,19,0.0006468790585193708,0.005161333877256703,41.44317557314556
Final Setting Time (FST),12,7,18,0.0007349315019244445,0.005992999492581452,44.01992019425603
Final Setting Time (FST),12,8,19,0.0005359343867516998,0.005822908925885044,40.85774140669735
Final Setting Time (FST),12,9,18,0.0008134684549959044,0.004614909605719255,44.62825969330438
Final Setting Time (FST),12,10,19,0.00026086648790019833,0.005745729358952362,40.433779816266885
Final Setting Time (FST),12,11,19,0.0005452271407917654,0.005281772455736993,41.16654364146315
Final Setting Time (FST),12,12,18,0.000665315290993347,0.006527185077658071,44.11547886929596
Final Setting Time (FST),12,13,19,0.0006060028018111486,0.005500269737016657,40.95817856346046
Final Setting Time (FST),12,14,19,0.000718092728606816,0.0059443235047710995,40.989509225754254
Final Setting Time (FST),13,0,19,0.00017041051861008743,0.006114717315621673,42.38256641648998
Final Setting Time (FST),13,1,19,0.00012503192461705515,0.006966862909654369,43.174836185350706
Final Setting Time (FST),13,2,19,0.0008191513001011798,0.005410335718314522,41.00777952268696
Final Setting Time (FST),13,3,22,0.0007318429116505955,0.00647508821654651,43.8666499984513
Final Setting Time (FST),13,4,19,0.0007453450563119359,0.00566148625749849,40.33943115856985
Final Setting Time (FST),13,5,20,0.00044559668729597895,0.008067786233098048,44.0356367144434
Final Setting Time (FST),13,6,19,0.0006808856219766628,0.005517797707900402,40.949986631083576
Final Setting Time (FST),13,7,18,0.00015417816658018046,0.006220772990641143,43.98383313444264
Final Setting Time (FST),13,8,19,0.0006665390540115116,0.00571785602548633,40.88590042089534
Final Setting Time (FST),13,9,19,0.0009710704737045672,0.005843909060019107,40.879138736202144
Final Setting Time (FST),13,10,19,0.0005022481732586312,0.00599849546549824,41.090107274273215
Final Setting Time (FST),13,11,18,0.000512048355883773,0.005209296910790893,44.10077241499482
Final Setting Time (FST),13,12,19,0.0003071313075272666,0.005958450153282201,41.006128433012314
Final Setting Time (FST),13,13,19,0.00016973289645114101,0.0058095970667606635,40.92209580265995
Final Setting Time (FST),13,14,19,0.0003349532349203961,0.0056018003075239565,40.86224262902716
Final Setting Time (FST),14,0,19,0.0001449396734033915,0.005860399351200723,40.89393812966623
Final Setting Time (FST),14,1,19,0.00019933990162226384,0.00641229473920058,42.582265297547025
Final Setting Time (FST),14,2,19,0.0005652110231397135,0.005670448665406157,40.35017740485931
Final Setting Time (FST),14,3,22,0.00023919217174797267,0.005609550333892115,43.550169154482646
Final Setting Time (FST),14,4,19,0.0007713502929095715,0.00566531644736881,40.344900385667835
Final Setting Time (FST),14,5,17,0.0006528034285129409,0.007594296670859279,44.41553727602888
Final Setting Time (FST),14,6,19,0.0007605907473586419,0.00582337515075884,40.85816630555158
Final Setting Time (FST),14,7,19,0.0002126445699882055,0.005857481044074802,40.89181549425808
Final Setting Time (FST),14,8,19,0.00023296190779472468,0.005614545519793323,40.85606040598419
Final Setting Time (FST),14,9,19,0.0009029493455863115,0.006553817884470195,42.69034215767967
Final Setting Time (FST),14,10,19,0.0006032507740346974,0.005789183428071279,40.831558992233596
Final Setting Time (FST),14,11,19,0.000653927264849982,0.005427593201653237,40.997453052135185
Final Setting Time (FST),14,12,20,0.00024088596698873215,0.005336972392255458,42.866548537474614
Final Setting Time (FST),14,13,19,0.00014410122590661985,0.005579610679025453,40.86898276172863
Final Setting Time (FST),14,14,19,0.0002886681102128152,0.0054773576577920886,40.963890148402484
Final Setting Time (FST),15,0,19,0.0007869392893404575,0.005629106484674654,40.85463768640415
Final Setting Time (FST),15,1,19,0.0017696776680321182,0.005663820881798593,40.34245805252242
Final Setting Time (FST),15,2,19,0.0005483807722951679,0.005822938566613976,40.85773481407614
Final Setting Time (FST),15,3,21,0.0002991890433552124,0.004377030465215191,43.69250458092363
Final Setting Time (FST),15,4,19,0.0007562797810453493,0.0056600666476094895,40.337794852926066
Final Setting Time (FST),15,5,19,0.0006560460221721915,0.006890141223615727,43.01653415957919
Final Setting Time (FST),15,6,19,0.0008043735321710786,0.005990210791436452,41.08813725004727
Final Setting Time (FST),15,7,20,0.0005525039881004403,0.0054212000263785505,43.32868654175669
Final Setting Time (FST),15,8,19,0.00014507874023047846,0.005662293486049687,40.34047990744348
Final Setting Time (FST),15,9,19,0.0008002028106871352,0.005413732063135943,41.00556642050237
Final Setting Time (FST),15,10,19,0.0005379414477935959,0.005529394522156421,40.882889031444876
Final Setting Time (FST),15,11,19,0.0009140765615294665,0.0055771786949205,40.86354365373766
Final Setting Time (FST),15,12,19,0.0004138056271640782,0.0059403801537377685,40.97948414441203
Final Setting Time (FST),15,13,19,0.0013118803518358789,0.00554659095561252,40.876838605354564
Final Setting Time (FST),15,14,19,0.00031555382884366925,0.005654949486089384,40.75767859690101
